Price,Close,High,Low,Open,Volume,Asset Class
Ticker,CEG,CEG,CEG,CEG,CEG,Equity
Date,,,,,,Equity
2022-01-19,40.7606201171875,41.73111107235863,36.878656296502974,36.878656296502974,129900,Equity
2022-01-20,43.672088623046875,46.94264177888787,39.74160138739842,39.74160138739842,153400,Equity
2022-01-21,43.672088623046875,48.4760191120078,41.68258310397828,41.73110690646701,329500,Equity
2022-01-24,41.537010192871094,43.67209093454113,40.64416033300907,43.59444988474668,110000,Equity
2022-01-25,40.661624908447266,43.59444766621972,40.110389031901036,41.245861561392836,23500,Equity
2022-01-26,41.94461441040039,43.73031766666053,41.0032371306487,43.681790163974576,90500,Equity
2022-01-27,44.409664154052734,48.15575980588509,42.45897897739933,45.865400576134995,151600,Equity
2022-01-28,45.370452880859375,46.19536872511421,42.847177837855796,43.23537200486367,43600,Equity
2022-01-31,46.58356475830078,46.58356475830078,44.64258289337158,44.64258289337158,71300,Equity
2022-02-01,48.31103515625,48.5245443360097,45.66159547975934,46.09831711920921,298800,Equity
2022-02-02,51.44572067260742,54.57070253661282,48.33044579073624,48.558511743213884,23860900,Equity
2022-02-03,52.03772735595703,54.90067659988967,48.815697471909616,50.6499249038495,8425500,Equity
2022-02-04,48.66041564941406,52.72677510000833,48.64100538615507,51.04782249833259,6757800,Equity
2022-02-07,44.710514068603516,48.56336400579511,44.64258000389833,48.52454348249818,9432500,Equity
2022-02-08,44.1573371887207,46.15654983156991,42.86658247848998,43.79825658224373,7277500,Equity
2022-02-09,45.91392517089844,46.04979330266135,42.58514113419139,43.42946716881015,4393100,Equity
2022-02-10,45.66159439086914,47.068806883481464,44.0408764257175,44.167037572449736,2450000,Equity
2022-02-11,46.670902252197266,47.466704404048855,44.70080713262914,45.38014772411569,3456800,Equity
2022-02-14,46.69032287597656,47.55405927869793,45.60337398620255,46.767960231324295,2155000,Equity
2022-02-15,46.58356475830078,47.02028641833567,45.80717275275492,46.29241821898722,2359800,Equity
2022-02-16,45.80717468261719,47.03969866302912,45.56455193927931,46.31183043301549,5855300,Equity
2022-02-17,43.953529357910156,45.69070878385146,43.85647805632961,44.95313370035378,3142600,Equity
2022-02-18,44.06998825073242,44.54553038430284,43.47798825466404,43.8176622649654,2018700,Equity
2022-02-22,42.25517654418945,44.332026569743874,42.206652737468204,44.069993570894134,2611100,Equity
2022-02-23,41.81845474243164,42.69189806906913,40.93530813533335,42.400747825437215,2791200,Equity
2022-02-24,43.15336608886719,43.41625933521796,41.10864579184983,42.01416573563033,2447900,Equity
2022-02-25,42.75415802001953,43.74730903125304,42.58863470862216,43.13389146549171,2040700,Equity
2022-02-28,44.76967239379883,45.39282514047235,41.34232857281111,42.160217481390944,5534900,Equity
2022-03-01,46.532020568847656,46.785174931971305,44.15624652372382,44.419139735976835,4212900,Equity
2022-03-02,48.158058166503906,48.97594690400895,46.08412906170538,46.736490796213566,3517100,Equity
2022-03-03,48.21648406982422,49.00516375380631,46.29541982123647,48.50858641838996,2072200,Equity
2022-03-04,49.657527923583984,49.6964758957363,46.979916123782886,47.875697197587755,2544600,Equity
2022-03-07,50.290409088134766,51.195928825166064,48.55726182801214,49.715939617483535,2726900,Equity
2022-03-08,50.942779541015625,53.86381049503846,49.511473184973894,49.832788372772214,3873700,Equity
2022-03-09,49.97883987426758,52.2669792324044,49.258317293409114,51.05961817413105,3050600,Equity
2022-03-10,49.9691047668457,50.28068111858217,47.97306760282048,49.23884699603527,2692700,Equity
2022-03-11,48.02174758911133,50.47541398521781,47.01886150430712,50.0664677287253,3034100,Equity
2022-03-14,49.608848571777344,50.49489457677456,47.31097004076477,50.49489457677456,2916600,Equity
2022-03-15,49.93989181518555,50.23199415825465,48.58648144468189,49.988574919983265,2117400,Equity
2022-03-16,50.407257080078125,51.02067460992955,49.02463385406349,50.34883512485513,2989800,Equity
2022-03-17,49.647789001464844,51.32251081918363,49.56989306310069,50.51436088721079,2244600,Equity
2022-03-18,47.719913482666016,50.056740030217405,47.59333813276718,49.31674706158673,9663900,Equity
2022-03-21,47.924381256103516,48.12885252668664,47.320698865406406,47.622540060754964,2452000,Equity
2022-03-22,49.793846130371094,50.67989213978641,48.6935899711136,49.02464033255907,3841900,Equity
2022-03-23,49.647789001464844,50.40725582910147,49.36542179631895,49.36542179631895,2396200,Equity
2022-03-24,51.030418395996094,51.19594544004661,49.43066535092286,49.83279596802536,2335200,Equity
2022-03-25,52.383827209472656,52.403301197176376,50.660418297669004,50.86489331141636,2441200,Equity
2022-03-28,55.285377502441406,55.35353459361105,52.62723980397673,52.94855498887609,3127000,Equity
2022-03-29,54.847225189208984,55.87932039436397,53.19197360682107,55.49958697252145,2201300,Equity
2022-03-30,55.986427307128906,56.268794527584085,54.23380945602321,54.691435118734276,1934100,Equity
2022-03-31,54.76932907104492,57.524836654275035,54.31169971068079,56.80431406865595,3817600,Equity
2022-04-01,56.49273681640625,56.76536517254093,54.23380660027748,54.87643323565407,2156500,Equity
2022-04-04,56.843257904052734,57.15483421185184,56.01563031860677,56.82378392052997,1885100,Equity
2022-04-05,57.44694519042969,58.73219858229326,56.91142356286706,57.10615971314886,2143100,Equity
2022-04-06,58.03114700317383,58.49851522601573,56.83352475356344,57.34957608295218,2559400,Equity
2022-04-07,59.30666732788086,59.462455503004044,57.787729834717524,58.18693726561337,3925800,Equity
2022-04-08,62.334800720214844,63.19164126815752,59.29693311515633,59.60850947025378,4762100,Equity
2022-04-11,59.08271789550781,62.95990172713664,58.819824672081964,62.490587236217735,3487700,Equity
2022-04-12,60.24139404296875,61.54612135189528,59.27745590748088,59.39429610572242,2553000,Equity
2022-04-13,62.51005935668945,62.850852243698526,60.12455371902103,60.40692093560709,3405700,Equity
2022-04-14,60.90349578857422,63.016376816295626,60.5442094796464,62.43217210026848,1860100,Equity
2022-04-18,61.64349365234375,62.48085277197752,60.650342643345844,60.650342643345844,1216800,Equity
2022-04-19,64.95399475097656,65.1292569161395,61.22481360175009,61.95507138516792,2078800,Equity
2022-04-20,63.68821334838867,66.87213373047494,63.352293609519684,66.03477095283696,2182800,Equity
2022-04-21,61.02033615112305,64.5547884353294,60.51402737683796,63.28900535676764,2493700,Equity
2022-04-22,60.786651611328125,62.75932204100142,60.650337434125525,60.85480869992942,2030500,Equity
2022-04-25,60.63086700439453,61.185862595134466,57.87535932205153,60.71849808263152,2261600,Equity
2022-04-26,58.3719367980957,60.58218403022155,58.33298882673101,60.173237759458274,2136500,Equity
2022-04-27,58.50825119018555,59.579294406515544,58.15772687523159,58.43035524718111,1991600,Equity
2022-04-28,59.696136474609375,59.73508073062404,57.25220519553995,58.63482842683989,3354600,Equity
2022-04-29,57.65141677856445,60.231662426167254,57.59299853317232,59.881138096681866,2578400,Equity
2022-05-02,56.66800308227539,58.4108858325961,55.40222370414842,57.739046314317505,2488200,Equity
2022-05-03,58.12852096557617,58.85877875731888,56.911424646004996,56.911424646004996,2224200,Equity
2022-05-04,60.182979583740234,60.65520983131397,58.26775404005636,58.53746299794748,2628900,Equity
2022-05-05,58.576412200927734,60.35824301635655,57.612470270333205,59.60851122906819,1946800,Equity
2022-05-06,58.68351364135742,59.618242676390715,57.154841037933274,58.67377479129163,2861000,Equity
2022-05-09,56.103267669677734,58.975615560981865,55.0809075630869,58.975615560981865,2193700,Equity
2022-05-10,55.538536071777344,58.29404000571468,55.241564294445254,56.716684331264986,2156200,Equity
2022-05-11,55.85984420776367,57.4761477564433,55.04195544130634,55.60668984127382,1877000,Equity
2022-05-12,52.1907844543457,56.46599461602517,51.8101154134296,55.93891641045217,3785600,Equity
2022-05-13,53.30351257324219,54.56362708493001,52.34695851102773,53.22542470362408,2317500,Equity
2022-05-16,55.23613739013672,55.763219289420014,53.03996653322386,53.11805067195053,1631900,Equity
2022-05-17,57.90082550048828,58.05699750474946,54.64073165353114,55.489916693986665,2215100,Equity
2022-05-18,55.90962219238281,58.81345001245998,55.567997142224925,57.998423866911104,4609100,Equity
2022-05-19,55.86083221435547,56.13413231842036,53.606095185516104,55.76322609817077,2181100,Equity
2022-05-20,55.29470443725586,57.52991554832224,54.162456476404294,56.13412663234562,2266200,Equity
2022-05-23,55.24589920043945,56.21221606283035,54.523605057462674,56.12436907534027,1581800,Equity
2022-05-24,55.421592712402344,55.98771856559417,53.752503687469506,55.19709568478866,1682300,Equity
2022-05-25,57.754417419433594,57.9203522821894,55.519206120744606,55.519206120744606,1974700,Equity
2022-05-26,60.9754638671875,61.53475346252077,57.75441035490774,57.76417319922338,3260100,Equity
2022-05-27,65.00666046142578,65.04570439526074,60.51671232657017,60.90714421805086,2793800,Equity
2022-05-31,60.59479522705078,64.80168008190002,59.901778490310086,63.97201703480732,7389300,Equity
2022-06-01,62.12723159790039,62.390768810348405,60.66311776973401,60.887614776574104,2008600,Equity
2022-06-02,62.224849700927734,62.58600052908456,60.497194603595695,62.16628379606683,1758500,Equity
2022-06-03,63.610870361328125,64.24532124300778,61.60991533028105,61.74656537287435,1793500,Equity
2022-06-06,64.80168914794922,65.33853396069357,63.82073538670113,64.00130707513816,2033200,Equity
2022-06-07,64.95785522460938,65.10426065459605,63.60208583610765,63.952490775201895,2721700,Equity
2022-06-08,63.22043228149414,64.87976576688837,61.61967213695506,64.85048468161186,1922200,Equity
2022-06-09,59.74560546875,62.917852171539025,59.6968024180093,62.72263996857621,1811000,Equity
2022-06-10,58.359588623046875,59.5992056682261,57.79346272000855,58.41815080375106,1540800,Equity
2022-06-13,54.1526985168457,57.57872751910029,53.879398415810094,56.87595157536917,2113200,Equity
2022-06-14,53.137569427490234,55.12876511109547,52.04436548731704,54.689530221559906,2330400,Equity
2022-06-15,56.807621002197266,58.13020346687874,54.34790916279192,54.36743112859286,3891700,Equity
2022-06-16,56.86617660522461,56.95402357946094,54.73833470687526,54.982353666039074,4837000,Equity
2022-06-17,56.71001052856445,58.0765183316234,54.15757403491122,57.14924544550727,6478700,Equity
2022-06-21,58.93546676635742,59.48206691408699,56.71001107360308,56.71001107360308,4363600,Equity
2022-06-22,57.79345703125,58.98427090081597,57.45671335504344,57.86178205096926,3233400,Equity
2022-06-23,57.24685287475586,59.7651267539885,56.4074270072003,58.44742578180601,2667600,Equity
2022-06-24,57.86178207397461,58.89642393838873,56.59288406283968,57.43230998936359,6473700,Equity
2022-06-27,57.99843215942383,58.43864262895852,57.02235619263365,57.705610114073636,1718900,Equity
2022-06-28,56.690494537353516,59.452787616367324,56.44647554307792,58.40838661874255,1401700,Equity
2022-06-29,55.93891525268555,56.763696916455146,54.972598402838464,56.57336239993644,1412200,Equity
2022-06-30,55.89011001586914,57.42645491782175,55.19709695080552,55.53872578421937,2424400,Equity
2022-07-01,56.22197341918945,56.70025227460463,55.265419431793376,55.3630292611813,1531900,Equity
2022-07-05,53.625614166259766,55.9974791470845,51.62465910845799,55.78274495875285,2696000,Equity
2022-07-06,55.402069091796875,55.85106685705175,53.254704987981945,53.811067979680175,1716600,Equity
2022-07-07,57.69585037231445,58.4669512714113,56.19269250599677,56.19269250599677,1872100,Equity
2022-07-08,58.22293472290039,58.37910673351648,56.04628197250165,57.529917935071715,2096000,Equity
2022-07-11,58.408382415771484,58.70120444314433,57.01259357107903,58.2229293339033,1774700,Equity
2022-07-12,57.812984466552734,59.64800849809175,57.510399548146594,57.98867845486151,1808400,Equity
2022-07-13,58.38886642456055,58.8378604940309,56.758821280574274,56.758821280574274,1577200,Equity
2022-07-14,56.5343132019043,57.559195855005946,55.72417215740978,56.89546395850167,2608600,Equity
2022-07-15,54.32838439941406,55.29079529558035,51.38063473707877,53.64513052530134,5186100,Equity
2022-07-18,53.498722076416016,55.31422014502624,53.28398418428007,54.98235790944758,2583100,Equity
2022-07-19,53.684181213378906,54.17221922440962,52.87403632781934,54.113653322649505,2326200,Equity
2022-07-20,52.77642059326172,54.020918783878074,52.093166757696544,53.840343412281165,2803600,Equity
2022-07-21,52.86427307128906,53.54264555569012,52.03461000680027,52.57145103225974,1816800,Equity
2022-07-22,52.70810317993164,54.26982326625956,52.141977321491275,53.479204101558594,1503100,Equity
2022-07-25,53.64513397216797,53.742743802418126,52.0931730438163,52.68857997632222,1847700,Equity
2022-07-26,54.17222595214844,55.31423325253952,53.57681890899684,54.07461982719424,1993500,Equity
2022-07-27,54.20149612426758,54.42599314517789,52.883795085705295,53.713458150957955,1557200,Equity
2022-07-28,63.04473876953125,64.362447191253,60.702158844965474,61.08283157342685,8460600,Equity
2022-07-29,64.51862335205078,65.00666136144129,62.117477239473786,62.32245230979351,3895200,Equity
2022-08-01,63.73776626586914,65.00666060744544,62.59575167752083,64.46982327146395,2735200,Equity
2022-08-02,64.26482391357422,65.19210034575376,63.43516101405242,63.737749560930816,1722900,Equity
2022-08-03,65.56302642822266,65.76800150490129,63.972025149125095,65.03594446810504,2286700,Equity
2022-08-04,65.84608459472656,66.73431730937178,63.94273941601357,63.94273941601357,2425900,Equity
2022-08-05,72.5224380493164,74.16224576197654,68.08128998885883,68.09105283240312,4216800,Equity
2022-08-08,74.07440185546875,75.77277189137762,73.17641378561977,75.16760957976427,3183600,Equity
2022-08-09,73.9084701538086,74.93334540584642,73.22521253891507,73.93775124002849,2945700,Equity
2022-08-10,75.27497100830078,75.35305141541109,73.69372547615205,74.23057016366579,2134600,Equity
2022-08-11,76.94406127929688,78.14463040824184,74.84549670597173,75.27497246428973,2540200,Equity
2022-08-12,79.6927261352539,79.86873490856232,77.28727787351336,77.883751635269,2170800,Equity
2022-08-15,79.39936828613281,80.60209603491094,78.47043773934642,78.47043773934642,1980100,Equity
2022-08-16,79.59495544433594,80.28921028997195,79.10604295077148,79.30160496411222,1878800,Equity
2022-08-17,77.93264770507812,79.64384141531696,77.34595421075302,78.63668288235326,2502200,Equity
2022-08-18,79.79052734375,80.32344023731233,77.6588683092872,77.6588683092872,1939600,Equity
2022-08-19,79.04737091064453,79.47761630603091,78.07932623123803,78.52912484449978,1704000,Equity
2022-08-22,77.8837661743164,78.95937222967494,77.75664414417811,78.95937222967494,1724600,Equity
2022-08-23,77.98152923583984,79.09624893154779,77.83485402109694,78.48999485870908,1065800,Equity
2022-08-24,78.58778381347656,79.02291556187502,77.55128442679053,77.89352908345944,1430200,Equity
2022-08-25,80.90522766113281,80.99323577874964,77.99620016470251,78.23576994354707,1551700,Equity
2022-08-26,79.03759765625,81.38437918142282,78.81269462058138,80.90523955330549,1641000,Equity
2022-08-29,79.20381927490234,80.17186386606953,77.39484464770318,77.88375711236307,1191200,Equity
2022-08-30,77.9228744506836,79.77096305200759,77.22861961539053,79.77096305200759,1802800,Equity
2022-08-31,79.78073120117188,80.56299411693531,77.80552815617665,78.48022973451732,3016500,Equity
2022-09-01,80.69010925292969,81.1008013897883,79.36027422286658,79.78073177737696,2421100,Equity
2022-09-02,79.27226257324219,81.8341664396724,79.1647012398287,80.74878022810854,2232200,Equity
2022-09-06,80.43588256835938,80.86612047390976,79.282048827624,79.88829552278528,2013300,Equity
2022-09-07,81.06169891357422,82.58710361891866,79.87266029920833,80.76834841167883,1759100,Equity
2022-09-08,83.88761138916016,84.0440595168319,81.03236405218048,81.03236405218048,2184400,Equity
2022-09-09,85.56947326660156,85.86281630908093,83.54048178677334,84.58186786509738,1905300,Equity
2022-09-12,86.17571258544922,86.6939660901271,85.52057164094442,86.59617762420248,1733800,Equity
2022-09-13,84.46451568603516,86.07792833011887,83.86804187543322,84.97298883288217,1974200,Equity
2022-09-14,86.09749603271484,86.56684786480078,84.34718835092431,84.46452257883936,3600300,Equity
2022-09-15,84.87518310546875,86.30280620767697,84.39604365278709,85.93122806394751,3631800,Equity
2022-09-16,83.6724624633789,84.93385726958591,83.01047320648387,84.68940108528713,6245600,Equity
2022-09-19,87.3784408569336,87.7108977694116,83.35957959014033,83.50625482926226,4407400,Equity
2022-09-20,85.80413055419922,88.1802452371855,85.61834144550362,86.4494985358503,4626000,Equity
2022-09-21,85.34457397460938,88.0922601325148,85.29568719548529,86.82109197208565,2155100,Equity
2022-09-22,83.48668670654297,86.04859061273477,82.75331803654808,86.04859061273477,1863300,Equity
2022-09-23,81.9906234741211,82.46975562775913,80.33321042348193,81.92706992306088,2678800,Equity
2022-09-26,81.08124542236328,83.06622893497642,79.83941098222928,81.81461415619843,1973300,Equity
2022-09-27,82.10797882080078,83.52093586038502,81.23771503643201,81.83418897316302,1777800,Equity
2022-09-28,83.13467407226562,83.63336688625948,81.3354797428787,82.24485724594406,1564300,Equity
2022-09-29,81.1985855102539,84.29828884058377,80.25009410616018,83.16401576717945,1823700,Equity
2022-09-30,81.34527587890625,82.57733018539177,80.3967842983639,81.43327656070645,3267800,Equity
2022-10-03,84.66985321044922,84.98276433544963,82.01017578985225,83.1444487771314,2026700,Equity
2022-10-04,87.35887908935547,87.48110721039623,85.22722782020846,86.34194768728325,1679100,Equity
2022-10-05,86.2148208618164,87.4859962338784,83.69203079368774,85.73568874289977,1766700,Equity
2022-10-06,84.36674499511719,87.91526998981847,84.04406093482032,86.2735083385152,1677300,Equity
2022-10-07,82.51863861083984,83.84848100552871,81.52126054492898,83.80936711624827,2017200,Equity
2022-10-10,82.8413314819336,83.7311483127548,82.0688488713191,83.06622704413805,982800,Equity
2022-10-11,81.04212951660156,83.428024792064,80.71945295148419,82.53820796307238,1534200,Equity
2022-10-12,80.33810424804688,81.73638681304436,79.86874497334023,81.2670349985503,1878400,Equity
2022-10-13,81.9612808227539,82.45019326084244,77.5415156649267,78.77356963755734,2746500,Equity
2022-10-14,79.45805358886719,82.88044074429456,78.92024690892954,82.3426340643569,1693300,Equity
2022-10-17,83.30091857910156,84.3765246444133,81.29637423812868,81.37460203275104,1678900,Equity
2022-10-18,84.59163665771484,85.46190024730733,82.63598680061496,84.58185631956994,1598900,Equity
2022-10-19,83.78982543945312,84.31785182713027,82.68487843071273,83.20312447967012,1325800,Equity
2022-10-20,82.68486785888672,84.80675347701742,82.31329709738293,84.45473593024052,2076500,Equity
2022-10-21,85.34457397460938,85.52058279192585,81.8048518688866,82.82178341314452,1749200,Equity
2022-10-24,85.63790893554688,85.76502349043756,83.67247874253535,85.62617402182876,1325000,Equity
2022-10-25,86.19526672363281,86.59617105470208,84.82631036687997,85.55967904440342,1647200,Equity
2022-10-26,86.81129455566406,87.69133846913437,85.39345141633729,87.69133846913437,1370100,Equity
2022-10-27,90.97682189941406,91.0746028891046,87.81355801854137,87.81355801854137,3345800,Equity
2022-10-28,91.67108917236328,93.13978117475286,89.78388671819306,90.83015911753847,1958000,Equity
2022-10-31,92.44357299804688,93.30405628074868,91.30440601968422,92.0524415203779,2276600,Equity
2022-11-01,93.40184020996094,94.10587539976925,91.9204359398279,93.12805040508275,1467400,Equity
2022-11-02,91.02571105957031,94.15475503348978,90.91815719022829,92.58045643934598,1966100,Equity
2022-11-03,92.31645202636719,93.33338335337608,90.11634601003102,90.11634601003102,1484400,Equity
2022-11-04,92.22845458984375,94.07654326082567,90.68838318409641,92.98137656460155,1974300,Equity
2022-11-07,91.4266357421875,92.95204032559127,90.89860935711405,92.95204032559127,2120300,Equity
2022-11-08,85.59879302978516,91.0403910102541,84.17116956453016,87.57399605425798,4345400,Equity
2022-11-09,85.41300964355469,87.92601951822557,84.41563145657697,85.07077239607275,2241500,Equity
2022-11-10,93.03025817871094,93.71473260836251,86.24415114668636,88.49315134733313,4885600,Equity
2022-11-11,90.26302337646484,93.7440854499391,89.57366242112163,93.17694515940177,3133200,Equity
2022-11-14,91.97781372070312,92.76127340027224,90.09751945568753,90.09751945568753,1997000,Equity
2022-11-15,91.56649780273438,92.79064884287789,90.73407658976178,92.55561393522532,2537200,Equity
2022-11-16,89.78413391113281,92.56540147940859,89.39240408516616,92.35974500189172,1384600,Equity
2022-11-17,88.18785095214844,89.56868955028494,87.03225197924758,88.55999020823917,1792500,Equity
2022-11-18,91.37065124511719,91.50775558582123,88.1643522954536,88.2564102018195,2515700,Equity
2022-11-21,91.45877838134766,92.27161652267607,90.84180890326884,92.12471689314525,1744800,Equity
2022-11-22,94.27922058105469,94.36736334807179,92.14430070149493,92.60458272398553,1567600,Equity
2022-11-23,94.62197875976562,95.86571289316643,92.46257459404093,94.04417560023707,1135900,Equity
2022-11-25,95.15081787109375,95.43481434405214,94.01480209275948,94.6023931115142,631700,Equity
2022-11-28,92.84941101074219,94.59260099611704,92.42830272999008,94.0833574218153,1590100,Equity
2022-11-29,92.47726440429688,93.14320285408523,91.3902177072655,92.731889906999,1436200,Equity
2022-11-30,94.13232421875,94.93536702905843,91.82112637998422,92.19326561884048,3361800,Equity
2022-12-01,92.51644134521484,95.75799094853308,91.93863816190316,94.99412188553211,1748600,Equity
2022-12-02,90.13668823242188,91.55670041801085,89.15736742260194,91.06704001310088,1848700,Equity
2022-12-05,88.1976318359375,89.71558211585587,87.94301379890764,89.12799111033505,2397000,Equity
2022-12-06,88.90274047851562,89.0006710635848,87.94301028456316,88.00176714127973,1237500,Equity
2022-12-07,90.0681381225586,91.27269856191637,88.71667059243768,89.00067453033809,1237200,Equity
2022-12-08,89.51972961425781,91.06215708719714,89.04965228130565,90.42070307482157,1002400,Equity
2022-12-09,87.86466979980469,89.96041586740344,87.83529136911527,89.47075543157895,1384600,Equity
2022-12-12,89.00067138671875,89.0398451152136,87.22810313416957,88.11928864627147,1554100,Equity
2022-12-13,88.96149444580078,90.79282696077469,88.52080309149063,90.07792698852715,1629900,Equity
2022-12-14,88.97129821777344,90.38152264045378,88.021355792586,89.64703199891196,2561600,Equity
2022-12-15,87.84508514404297,88.9713057169924,87.5806717783161,88.93213198287994,2245100,Equity
2022-12-16,86.3760986328125,86.76782847916235,84.15304352258707,86.32713707178462,3911700,Equity
2022-12-19,85.91581726074219,86.83637373406486,85.20090978765273,86.55236980484437,1238100,Equity
2022-12-20,85.74932861328125,86.29775335321817,85.32332644747638,86.18023216502635,1306600,Equity
2022-12-21,87.7961196899414,88.30536326758761,84.9169138690702,86.17044341862282,1409500,Equity
2022-12-22,85.52409362792969,87.52680301992274,84.74063394091942,87.28686671626484,1548300,Equity
2022-12-23,86.21941375732422,86.40548712102427,85.32822814341937,85.7101627003427,600700,Equity
2022-12-27,85.82768249511719,87.07142421377692,85.46533107479398,86.61114219844421,634400,Equity
2022-12-28,84.81897735595703,86.51319820119393,84.63290400805676,86.13126367670122,752000,Equity
2022-12-29,84.97565460205078,85.87663533244312,84.49578954686699,85.35759655231843,870800,Equity
2022-12-30,84.42724609375,84.80918061174017,83.35978999773256,84.80918061174017,1343300,Equity
2023-01-03,80.21617889404297,84.33911900642434,79.11933679094338,84.22159780806975,4030600,Equity
2023-01-04,81.68515014648438,82.00832032663777,79.60898739546678,80.2553352273982,2612200,Equity
2023-01-05,80.70584106445312,82.18461028252719,80.19169608419195,81.20528935693476,1906300,Equity
2023-01-06,81.77330017089844,83.39897655109557,81.36198716083385,81.89082137589945,1914100,Equity
2023-01-09,82.2629623413086,83.4479398308204,81.85164932279233,82.11606269994532,1301500,Equity
2023-01-10,81.36196899414062,81.76348661289683,79.89298788194243,81.67535133254461,1376700,Equity
2023-01-11,82.37068176269531,82.63020120430322,80.73521764760471,81.28363496245532,1696200,Equity
2023-01-12,82.59591674804688,83.04641091323393,81.05838331528928,82.14543005448495,1496700,Equity
2023-01-13,83.39896392822266,83.932691977521,81.72431876483499,82.07687485485083,1366200,Equity
2023-01-17,81.64598846435547,83.26186201839758,81.2836370311782,82.19440579316367,2763600,Equity
2023-01-18,80.15740966796875,82.76240670201773,80.07906220717966,81.5970125055616,2084900,Equity
2023-01-19,79.16829681396484,80.09865613835929,79.08505543527502,79.91258277915531,1635500,Equity
2023-01-20,81.28363037109375,81.38156096155318,78.78635922044022,79.44250986693113,1795100,Equity
2023-01-23,82.40005493164062,82.54695455205794,80.85076864451123,81.21507761109113,1596200,Equity
2023-01-24,82.17481231689453,82.48819467556457,81.26404366956835,82.26294760294635,1176000,Equity
2023-01-25,81.67535400390625,81.83204144242086,80.78416851364494,81.69493713186137,1535200,Equity
2023-01-26,84.10407257080078,84.29014592468674,81.55783983506616,81.90060064094146,2161100,Equity
2023-01-27,84.78958892822266,84.86793637827085,83.08556551198252,84.10405994773697,1455100,Equity
2023-01-30,80.69603729248047,85.05401196526,80.54913767473651,84.14324330119739,3045800,Equity
2023-01-31,83.59483337402344,83.73193770352724,80.67645377824489,81.16611423265148,2509000,Equity
2023-02-01,83.64379119873047,84.09427785981825,81.16120944120784,83.68785884053128,2623400,Equity
2023-02-02,83.56546020507812,84.88754202091404,82.02302519358118,83.7123598449768,2389600,Equity
2023-02-03,81.47948455810547,83.39895983014992,81.33259242083759,82.63508335823452,1807200,Equity
2023-02-06,81.53826141357422,82.11605716660895,80.80377072787714,81.29343118500853,1502000,Equity
2023-02-07,84.15304565429688,84.48601117557222,80.62749189109196,81.60681279596142,2032900,Equity
2023-02-08,82.59591674804688,83.24227209421733,82.40005556706348,82.99744188217552,2005900,Equity
2023-02-09,82.67425537109375,83.6927498409042,82.1943902988451,83.17371104232156,1975000,Equity
2023-02-10,85.01483154296875,85.20090487557081,82.42942537206068,82.46859909848345,1350300,Equity
2023-02-13,84.60354614257812,85.49473189742386,84.16285465231763,85.09320667470169,1173500,Equity
2023-02-14,84.28034210205078,85.79045453263373,83.38916409688643,84.14323779356396,2383100,Equity
2023-02-15,84.23138427734375,84.69656016399789,82.61550345961771,82.75260777417631,2030600,Equity
2023-02-16,83.85924530029297,86.10189103978513,83.16882974980147,83.24227582805841,3037600,Equity
2023-02-17,82.80158233642578,84.26076833695717,80.20638054320534,83.43813492300556,3570700,Equity
2023-02-21,78.70802307128906,81.29342963801305,78.24774105488451,79.92237888981082,5056000,Equity
2023-02-22,76.19116973876953,77.6699389323698,74.82011897130602,77.6699389323698,3341000,Equity
2023-02-23,77.581787109375,77.80213277272037,76.38701465899246,76.38701465899246,1584900,Equity
2023-02-24,77.90808868408203,78.04569029525793,76.14884859848094,76.39455344263176,1529100,Equity
2023-02-27,77.02356719970703,78.7238407419473,76.6550098858418,78.055523179539,1326200,Equity
2023-02-28,73.60334014892578,76.65007861883454,73.12176076939302,76.4731708367977,3584800,Equity
2023-03-01,73.07262420654297,74.0947573287278,71.57874195000656,72.85640272899963,2594400,Equity
2023-03-02,74.87117767333984,75.41173131004336,72.7286312107132,72.85639502560835,1949900,Equity
2023-03-03,77.62308502197266,77.83929900673614,74.69427970278785,74.92033148009546,2304600,Equity
2023-03-06,77.44615936279297,77.52477920352828,76.02106696117627,77.01371649632779,2295000,Equity
2023-03-07,76.56163024902344,77.71152710971948,75.99159321612025,77.71152710971948,2203900,Equity
2023-03-08,76.72870635986328,77.10217501349508,75.77537039056683,76.41420446777424,1261600,Equity
2023-03-09,77.28892517089844,78.81229840095652,76.07023108584262,76.69923496834355,3110500,Equity
2023-03-10,76.2176513671875,78.40933454221528,75.91297223875031,77.82947466575268,2895700,Equity
2023-03-13,75.7753677368164,77.25451560578945,75.17584735440568,75.60829025275213,2242400,Equity
2023-03-14,76.59111022949219,77.74100703912998,75.84416544362374,76.16849762018303,2142800,Equity
2023-03-15,76.00142669677734,76.54197287273152,75.03826037670785,75.96211302061971,1957000,Equity
2023-03-16,77.08251190185547,77.68203222729987,74.72374426876617,75.30361150902422,1962900,Equity
2023-03-17,75.45104217529297,77.11200936376044,74.6795328440215,76.38472510597293,3896500,Equity
2023-03-20,75.6771011352539,77.08253331341275,75.58865097987271,75.73606790550802,1629500,Equity
2023-03-21,75.20533752441406,76.76802427651381,74.66479135099155,76.24713119191956,2045700,Equity
2023-03-22,73.14141082763672,75.01859929807298,73.12175774080953,74.95962504095897,1863400,Equity
2023-03-23,72.13894653320312,73.83921992144835,71.5197655030659,73.38712389051848,1655400,Equity
2023-03-24,72.17825317382812,72.25687302061355,69.93742632664213,71.31336737434137,2777200,Equity
2023-03-27,73.97682189941406,74.12916522345336,72.17826787827947,72.17826787827947,3225500,Equity
2023-03-28,74.21268463134766,75.49034517396008,73.56794943626343,73.78024175626743,1752200,Equity
2023-03-29,74.57633209228516,75.24464957274421,74.12915497168315,74.97929163855932,2299500,Equity
2023-03-30,75.50017547607422,76.10952611846618,74.69426398042854,75.37241167129089,1737800,Equity
2023-03-31,77.15132904052734,77.24960948868616,75.41174186333187,75.50019201717954,2984400,Equity
2023-04-03,75.30361938476562,77.2004609820458,75.16602527912386,76.65990735394146,1894900,Equity
2023-04-04,74.71393585205078,75.64761888555533,73.82940429169187,75.35277003322383,1316200,Equity
2023-04-05,75.18567657470703,75.79502724111157,74.37976504730295,74.57632590830251,1204800,Equity
2023-04-06,75.63777923583984,75.65743982266643,74.8515282240645,75.29379394954333,1223000,Equity
2023-04-10,76.00142669677734,76.04074037293498,74.55668096583162,75.21516817025869,1485500,Equity
2023-04-11,76.08987426757812,76.47317322423821,75.84908831945285,76.42403675444295,1371500,Equity
2023-04-12,75.4903564453125,76.61076997229316,75.34293953253902,76.59111688336236,1171100,Equity
2023-04-13,75.81468200683594,76.2569477030372,74.86134606341203,75.37241631063468,1324700,Equity
2023-04-14,75.11688232421875,75.31836208816088,74.20286003969122,75.00877159714328,1328400,Equity
2023-04-17,73.75076293945312,75.50509153287638,73.37729429589568,75.2643055975276,1093300,Equity
2023-04-18,73.20039367675781,74.64513192509575,72.89571455780249,74.04561147922777,1235200,Equity
2023-04-19,73.46574401855469,74.10457807490103,73.22298602737878,73.68196546823957,1039300,Equity
2023-04-20,75.15620422363281,75.25448466855403,73.40678680975634,73.4559232830583,1926900,Equity
2023-04-21,75.23482513427734,75.64268857084691,74.65495781177422,75.50018306266578,1178900,Equity
2023-04-24,75.96212005615234,76.00634513405689,74.30115270166107,75.11689468627186,1094300,Equity
2023-04-25,75.6082992553711,75.8146904364341,74.53702217463393,75.32328072009823,1722400,Equity
2023-04-26,74.55667877197266,75.64760888371566,74.16354952028131,75.19551286868149,3100600,Equity
2023-04-27,75.43138885498047,75.91296826084508,74.6746212171932,74.95963224431527,1865700,Equity
2023-04-28,76.07022094726562,76.13901800342252,74.98912113695013,75.5788112609116,2233400,Equity
2023-05-01,75.72623443603516,76.31592455041499,75.44121592278297,76.18815323511633,1788300,Equity
2023-05-02,75.47069549560547,76.07021587283036,74.64512337847766,75.41172873663785,2554000,Equity
2023-05-03,75.19551086425781,76.26678036078607,74.84169529699865,75.87365111957405,1607000,Equity
2023-05-04,77.23979187011719,78.98921712703773,73.62302279509615,75.65745914895487,3830400,Equity
2023-05-05,78.12430572509766,79.06781137343961,76.93509524651095,77.76066737525787,2359300,Equity
2023-05-08,77.35770416259766,78.47811753517719,76.73853071932454,78.37000681516372,2360100,Equity
2023-05-09,77.59358978271484,77.74101419456707,76.47317624994528,76.6402612491469,3158300,Equity
2023-05-10,78.08992004394531,78.74349586832322,77.3921191445679,78.4781304216918,1629400,Equity
2023-05-11,78.03764343261719,78.46176134624648,77.16967699075744,77.50502971375543,2497400,Equity
2023-05-12,78.75765228271484,79.29026599780757,77.78119756755713,78.36312276875454,1991000,Equity
2023-05-15,79.17190551757812,79.98068764138644,78.09682029661172,79.52698133047198,2048300,Equity
2023-05-16,77.91928100585938,79.09300422901877,77.25844840333455,79.09300422901877,3709100,Equity
2023-05-17,79.29026794433594,79.5269826485135,77.63324996504352,78.00804887374338,2329500,Equity
2023-05-18,80.28644561767578,80.35548771333191,78.47358454883513,79.17189925562454,2849300,Equity
2023-05-19,81.17414093017578,82.09634774398268,80.41467029819691,80.61193881787793,2407100,Equity
2023-05-22,82.3873062133789,82.81142410314409,81.18399464125332,81.59825474929723,1908300,Equity
2023-05-23,82.89033508300781,83.40321818053583,82.0273050686396,82.21963717084067,2232200,Equity
2023-05-24,82.17031860351562,83.21582294358137,81.4207208050076,82.89033553039982,2430300,Equity
2023-05-25,81.61797332763672,82.06181428134244,80.77960290117935,82.06181428134244,1863100,Equity
2023-05-26,82.70292663574219,82.80155712613481,81.18399300361884,81.81523717216048,2267100,Equity
2023-05-30,82.55498504638672,83.88158671557412,81.99771933602167,82.71279986615278,2198200,Equity
2023-05-31,82.87060546875,83.39336140478227,81.3220833252827,82.38731076187827,5214700,Equity
2023-06-01,87.66413116455078,87.94227868091026,83.63008541176934,83.71392172050406,3646900,Equity
2023-06-02,86.34244537353516,87.83179053686466,86.0761347852125,87.44712637597522,3225600,Equity
2023-06-05,86.31285858154297,87.59506996661892,85.98737120089896,86.61861534971071,1819000,Equity
2023-06-06,88.32496643066406,88.66031164682649,85.94793141894488,85.94793141894488,2311500,Equity
2023-06-07,89.5677261352539,89.63676824145506,87.91070806140101,88.32496822363314,2452100,Equity
2023-06-08,91.03734588623047,91.20304693634384,89.81430357583422,90.23842150886962,3075700,Equity
2023-06-09,92.01380157470703,92.48723100119486,90.83021295843736,91.03734679817897,2530100,Equity
2023-06-12,92.4675064086914,92.73380951613747,91.60940524020978,91.72776635742187,1720700,Equity
2023-06-13,92.96066284179688,94.02589028036662,92.30968800988494,92.67462913004994,2429900,Equity
2023-06-14,91.92501831054688,93.70039726880765,91.50090042190814,93.23682567831598,2573200,Equity
2023-06-15,92.18146514892578,92.46749884836632,91.68830515506782,92.43791045273873,3712300,Equity
2023-06-16,91.6192626953125,93.22696155993518,91.4713131927342,92.30968367397885,4963400,Equity
2023-06-20,90.73157501220703,92.08283612596985,90.63294451686491,91.85597921416098,1846900,Equity
2023-06-21,89.26195526123047,89.78964004522828,87.96494212207894,89.63675413232423,2684900,Equity
2023-06-22,88.029052734375,89.44441940954754,86.66299754011781,89.26195263261555,3205600,Equity
2023-06-23,89.1238784790039,89.45922367706491,87.90084374927461,88.41372685366927,2875900,Equity
2023-06-26,89.39017486572266,89.95237693940554,88.46303922448848,89.01537599160876,1890400,Equity
2023-06-27,89.60716247558594,89.76990616402409,88.7490689683968,89.72552357400198,1472800,Equity
2023-06-28,89.31128692626953,89.65649745186298,88.48277413982018,89.65649745186298,1605400,Equity
2023-06-29,89.62689208984375,90.09539253769361,88.90687525128838,89.27181632357312,1738700,Equity
2023-06-30,90.29759979248047,91.02747449179834,89.7945744811147,90.79075979675393,2666400,Equity
2023-07-03,90.34691619873047,90.48500040544597,89.09429303066125,89.76499097400438,1089100,Equity
2023-07-05,90.87952423095703,91.9348863303388,90.10033052767152,90.16937262669558,2087300,Equity
2023-07-06,89.755126953125,90.21869859304074,88.62085736025084,90.21869859304074,2263300,Equity
2023-07-07,90.08061218261719,90.45541109348248,89.41977955358176,89.75512475935204,1334000,Equity
2023-07-10,92.31954956054688,92.34913795624348,90.12991797870617,90.12991797870617,1539300,Equity
2023-07-11,93.06916809082031,93.13821019893564,91.5896878954703,92.55627740908476,1260900,Equity
2023-07-12,94.74590301513672,94.84454104163504,92.79299350087848,93.64122935859466,1532600,Equity
2023-07-13,93.96670532226562,94.7557643510287,93.58204111512539,94.53877274186763,1462400,Equity
2023-07-14,93.70039367675781,94.22807845315945,93.40350890858467,93.59189788207755,1259900,Equity
2023-07-17,94.86426544189453,95.59414019290647,93.17765901082674,93.17765901082674,1951400,Equity
2023-07-18,94.06533813476562,95.32782649084322,92.6055812699108,94.68671700610952,1925300,Equity
2023-07-19,93.43409729003906,94.23301408527216,92.64503827682837,93.53272778543429,1785300,Equity
2023-07-20,95.5645523071289,95.98867024411841,93.93712266402846,94.19356799279598,1600300,Equity
2023-07-21,95.27852630615234,96.8073255698613,94.99249255568306,96.24512337756667,5081100,Equity
2023-07-24,95.22920227050781,95.48564006127026,94.45000854082652,95.27851375718151,1077800,Equity
2023-07-25,96.18592071533203,96.81717242277658,94.58808717077868,94.63739865454713,854800,Equity
2023-07-26,96.00839233398438,96.89608190506084,95.34755969080382,95.34755969080382,1243000,Equity
2023-07-27,94.1146469116211,96.41277417887261,93.89765532071853,96.39305109107417,897900,Equity
2023-07-28,94.43029022216797,95.33771049041287,93.95686075832559,94.94318092052713,1135900,Equity
2023-07-31,95.32784271240234,95.36729642087147,94.09494254158759,94.52891828469707,1170200,Equity
2023-08-01,94.98262023925781,95.76180642732042,94.75576332531114,94.92343592147526,1469600,Equity
2023-08-02,94.24288177490234,94.71138228364231,93.13820063348447,94.67685747061769,2040300,Equity
2023-08-03,99.75640106201172,102.15710200033617,94.4500023378348,94.65712862832056,3511000,Equity
2023-08-04,102.5180892944336,103.2726233900276,100.39750007723134,100.52571895082092,2723600,Equity
2023-08-07,102.33070373535156,103.21839327275956,101.36904320525319,103.1493511712403,1759800,Equity
2023-08-08,103.3761978149414,103.49455892512142,101.55150730189024,101.55150730189024,1207300,Equity
2023-08-09,103.6720962524414,104.4512899588298,102.88106568259825,103.1888015573484,1646700,Equity
2023-08-10,104.27375030517578,105.38828918228437,103.67209451066803,104.5203303021044,1563700,Equity
2023-08-11,105.38336181640625,105.53863347346409,103.83069806188306,104.27573368792137,1414100,Equity
2023-08-14,105.8185043334961,106.41187761512109,104.54571287237025,105.2844661164884,2404000,Equity
2023-08-15,105.06689453125,105.40808624433012,104.45374540759359,105.2152397384784,1709600,Equity
2023-08-16,103.93948364257812,105.27457542521945,103.8405893522252,105.22513205261833,1835200,Equity
2023-08-17,103.6625747680664,104.97294106852918,103.41533527400546,104.31529065405957,1800600,Equity
2023-08-18,103.6131362915039,104.37463824992565,103.35601261931738,103.3757884613504,1660800,Equity
2023-08-21,104.9383316040039,105.28051172821782,103.1285366942071,103.4450029452248,1377000,Equity
2023-08-22,105.08668518066406,105.36853430324592,104.34496663839965,104.49331185588278,1276900,Equity
2023-08-23,107.24260711669922,108.05355236870955,105.76905427542684,105.76905427542684,1393500,Equity
2023-08-24,105.73938751220703,109.03261946189221,105.66026906139851,107.69752767138898,1498700,Equity
2023-08-25,104.70098114013672,106.25364482364756,104.40429073634722,105.64048817688612,1383800,Equity
2023-08-28,104.20650482177734,106.16463739225021,104.06805130851767,105.13117811643673,1088000,Equity
2023-08-29,104.37462615966797,104.99766697108267,103.64279936679426,104.06805160018384,1131500,Equity
2023-08-30,104.57241821289062,105.09458792318657,103.92959399522043,104.17683349854352,1167400,Equity
2023-08-31,103.0098648071289,104.91854642791591,102.62416426092143,104.78009291703137,2035500,Equity
2023-09-01,106.10530090332031,106.22397857529961,104.0383748342962,104.4636270607839,1338800,Equity
2023-09-05,104.87899780273438,105.55148953738885,103.98992251790816,105.37347679747587,1433200,Equity
2023-09-06,105.46247100830078,106.59977411479609,104.81964685722517,105.1558964703886,1337800,Equity
2023-09-07,107.34149932861328,109.72983373957784,105.99651588129804,106.66900760495567,1951100,Equity
2023-09-08,107.44039154052734,108.44913287909418,107.03492270278412,107.03492270278412,1428100,Equity
2023-09-11,108.76560974121094,109.17800506728953,107.45029372287887,107.5986389395214,1820700,Equity
2023-09-12,107.30193328857422,108.8793223630358,106.95579952893141,108.33045042090575,1557100,Equity
2023-09-13,108.06343078613281,108.8743759951433,107.31182818422573,107.57884350816504,1894600,Equity
2023-09-14,111.21821594238281,111.37645284429392,108.31562662245176,108.54803235641447,2308300,Equity
2023-09-15,108.71614837646484,111.43578275475386,108.58758655847261,111.21821079726668,4287700,Equity
2023-09-18,109.51719665527344,111.01052520948627,109.19084627984022,109.21062211814069,1358500,Equity
2023-09-19,109.31941986083984,110.15014097159509,109.08207204993133,109.86334224188649,1972100,Equity
2023-09-20,108.91393280029297,109.95234163232173,108.69636839624468,109.70510215280537,924500,Equity
2023-09-21,108.72604370117188,109.4183112752592,108.30079146418947,108.4194615939469,1443800,Equity
2023-09-22,109.14141082763672,109.51721216978326,107.4156763168832,108.25134707502528,1210500,Equity
2023-09-25,110.97097778320312,111.67313706733071,108.28596039837339,108.50847444236825,2115200,Equity
2023-09-26,107.29205322265625,110.48144132056069,106.73823914721821,110.42705587293457,2309700,Equity
2023-09-27,109.527099609375,110.06113784020225,107.7766472515114,107.7766472515114,2819500,Equity
2023-09-28,108.11288452148438,109.7545583664155,107.6332393044503,109.54687055386115,1550700,Equity
2023-09-29,107.87554931640625,109.48754827263139,107.44040534619643,108.8249481690129,2867500,Equity
2023-10-02,103.57357025146484,107.10414985938677,101.625321867164,107.10414985938677,2892500,Equity
2023-10-03,103.73180389404297,103.76147142678386,101.27424266332945,102.07035415419651,2557000,Equity
2023-10-04,104.98778533935547,105.422921730467,103.0741464706752,103.48456494780429,1973900,Equity
2023-10-05,106.68878173828125,107.30193838818217,105.43280845212908,105.7987256126563,1589200,Equity
2023-10-06,108.95349884033203,109.35897523378411,103.96914971596246,105.3734757818069,2095800,Equity
2023-10-09,110.15013885498047,110.25595959389476,108.75571200439312,108.95350058549108,1258400,Equity
2023-10-10,111.75225830078125,112.23684562678837,109.7347829977207,109.7347829977207,1464400,Equity
2023-10-11,113.79940032958984,113.90620948705563,112.05883208232292,112.65221293706576,1353300,Equity
2023-10-12,114.44222259521484,114.8773665358532,113.19613338484646,113.64116901826775,1299700,Equity
2023-10-13,112.43463134765625,116.09377273150368,111.74235625804299,115.48061608844341,1699400,Equity
2023-10-16,115.53995513916016,115.82675384022325,113.3444673583773,113.50269670146203,1701700,Equity
2023-10-17,115.85643005371094,116.68715114375463,114.43232813346383,114.76857777358914,1214600,Equity
2023-10-18,114.7883529663086,117.33491675849555,114.53122177768029,116.03444213949892,1050700,Equity
2023-10-19,113.02800750732422,115.32238970019334,112.8499947705865,114.71912473375723,981000,Equity
2023-10-20,110.86219024658203,113.52248967996512,110.68417750484727,112.84999793842834,1654400,Equity
2023-10-23,110.87207794189453,111.78191745789117,109.1799723142473,110.59517091921299,950800,Equity
2023-10-24,113.00823211669922,114.02686523768084,112.00938992698929,112.00938992698929,1930900,Equity
2023-10-25,110.79296112060547,113.00822487973281,110.43693564474475,112.96867320032659,1575000,Equity
2023-10-26,111.47533416748047,111.78190869783093,109.91277889605892,110.76328328201495,1652700,Equity
2023-10-27,109.5567626953125,112.1082760684211,108.67955594989463,111.75225059565476,1128700,Equity
2023-10-30,111.78192138671875,111.97971751355077,110.27375892965921,110.6248423390668,1271600,Equity
2023-10-31,111.67314147949219,112.25663065395639,109.94246488758576,111.87093761708648,1942000,Equity
2023-11-01,113.58181762695312,114.10596412666918,111.58412591282111,112.33572851290626,2751300,Equity
2023-11-02,115.89598846435547,116.5981477270015,113.11701140089222,113.64116546990887,1894600,Equity
2023-11-03,115.77731323242188,117.359644529873,115.55974126430657,117.33986868965833,1853200,Equity
2023-11-06,123.35272979736328,124.23685543789601,116.75637446307374,117.67610566862443,2530800,Equity
2023-11-07,118.54640197753906,123.59404008936203,117.34976366458599,123.06593988065562,2271500,Equity
2023-11-08,119.84193420410156,120.1386246307334,117.65138824733715,119.09032398974495,1730200,Equity
2023-11-09,119.2979965209961,122.98187097424952,119.18921054130765,120.24739526133581,1603200,Equity
2023-11-10,120.42540740966797,121.36986407183615,120.03576075023639,120.10894116443079,1219700,Equity
2023-11-13,120.3759765625,120.8862777758352,119.57492294640474,120.03972689780551,891600,Equity
2023-11-14,125.12295532226562,125.31085974542385,122.01762799245769,122.68023554696025,1433300,Equity
2023-11-15,120.64298248291016,125.83501190439266,120.34629961448726,125.18230355774176,1982200,Equity
2023-11-16,120.60531616210938,122.74641855793818,120.44672018610333,121.9236797171725,1474500,Equity
2023-11-17,120.6251449584961,122.4391256587985,120.53592857766941,121.13067672019314,1487900,Equity
2023-11-20,121.20997619628906,121.77498805539315,120.41698120880292,121.37848678033367,1041600,Equity
2023-11-21,121.43795776367188,122.10209300098616,120.78372957458099,121.82454439808659,984700,Equity
2023-11-22,122.1714859008789,122.75631940413388,120.9076414307571,121.82455013092829,1376700,Equity
2023-11-24,122.77615356445312,123.21230572857893,121.97324395561508,121.99306561642402,532500,Equity
2023-11-27,124.00529479980469,124.282843413664,122.2904376230457,122.84553485076434,1073200,Equity
2023-11-28,123.36097717285156,125.39304134218494,122.67702027175687,123.88634567495959,2003000,Equity
2023-11-29,119.52484893798828,122.85544737293031,118.71202477009363,122.46886072982387,2078800,Equity
2023-11-30,119.98082733154297,120.7936515305884,119.46041988814552,119.53476056750259,2650000,Equity
2023-12-01,118.83097076416016,119.88170023020626,118.60298764603161,119.56450073695126,1454900,Equity
2023-12-04,117.87937927246094,118.50387124746965,117.01699711669906,117.95868104113393,1946900,Equity
2023-12-05,117.27471160888672,117.89920355773859,114.87093640240276,117.6662593486641,1805900,Equity
2023-12-06,111.64441680908203,118.62281346819765,111.23800848907209,118.29569935230957,2629800,Equity
2023-12-07,109.56279754638672,112.44733699822875,108.4922463542,112.26891179953097,3497000,Equity
2023-12-08,110.2368392944336,110.63334054691853,108.69049272863798,109.02751387753914,2627300,Equity
2023-12-11,115.13362121582031,115.28231014079195,109.70157108693554,110.57387541336496,2582900,Equity
2023-12-12,113.4881362915039,115.38142618553171,112.85373731068354,115.14352845838216,1846200,Equity
2023-12-13,115.41116333007812,115.72836282289038,112.53653867248626,113.58726057443329,1731100,Equity
2023-12-14,114.58842468261719,116.77908486412609,114.36044156453494,115.61932492614476,2456400,Equity
2023-12-15,117.71086883544922,119.81232033215414,114.59834625609514,114.65781880135893,5714900,Equity
2023-12-18,118.31552124023438,120.47644509321543,117.869462064501,118.52368269308543,2019800,Equity
2023-12-19,119.75283813476562,119.99074343693559,118.21144500829932,118.7219378465941,1012700,Equity
2023-12-20,115.98609924316406,119.07383913525271,115.97618463121388,118.78142236510338,1324300,Equity
2023-12-21,117.27471160888672,117.39366425691388,115.78783754039382,116.46188742061591,904600,Equity
2023-12-22,114.32079315185547,116.94760552922706,113.02225131758715,113.99367904044671,1188400,Equity
2023-12-26,116.54118347167969,116.80881746332734,114.5785064699454,114.5785064699454,740700,Equity
2023-12-27,116.39250183105469,116.72953055701213,115.85722625168655,116.25372752114066,541300,Equity
2023-12-28,116.0852279663086,117.74061279369283,115.92662441840827,117.67122563214478,559700,Equity
2023-12-29,115.86714172363281,116.24381377296358,114.91554320745554,115.70854575225297,849900,Equity
2024-01-02,114.24149322509766,116.20417036251024,113.96394460342235,115.3814315463779,1362800,Equity
2024-01-03,114.83625030517578,116.14073649138729,114.48931450103265,114.48931450103265,1372400,Equity
2024-01-04,114.35052490234375,116.0842205491074,113.99367453357588,115.19308533202198,1348900,Equity
2024-01-05,115.22283172607422,116.63239307534451,114.10272259174597,114.10272259174597,1729900,Equity
2024-01-08,116.00591278076172,116.13478003919057,114.02341403700743,115.17326693844853,1351700,Equity
2024-01-09,115.47064208984375,115.90679425193491,114.1621931662031,115.42108415673611,1514000,Equity
2024-01-10,114.83625030517578,115.41117681640345,113.95899240120197,115.00476090109768,1090500,Equity
2024-01-11,111.9219741821289,114.2811450484033,110.50448722751614,113.9936818128376,1609300,Equity
2024-01-12,111.9219741821289,113.41875534170619,111.75345603532638,112.94295986138785,1556900,Equity
2024-01-16,110.83158874511719,111.84762085369313,110.32605701559284,111.38669353042695,1417000,Equity
2024-01-17,110.94063568115234,111.01993745150678,108.48234130122921,110.25667870908623,1484500,Equity
2024-01-18,110.43508911132812,110.92079915504974,109.28523628318317,110.39543823146464,1614900,Equity
2024-01-19,113.44849395751953,113.60709749599063,110.4747456748833,110.4747456748833,1684200,Equity
2024-01-22,116.18434143066406,116.34789848941112,113.32954587717775,113.45840557681204,1876700,Equity
2024-01-23,117.6513900756836,119.50502155640129,116.13477975050274,116.69979158856292,1929400,Equity
2024-01-24,114.6578140258789,118.47412262822664,114.33069991528643,118.0974505861894,1514600,Equity
2024-01-25,119.4951171875,119.53476050804892,116.01582970529931,116.86830478712209,1425800,Equity
2024-01-26,120.20880889892578,121.33884014893823,119.01931266883096,119.01931266883096,1558800,Equity
2024-01-29,119.95109558105469,120.6766848393534,118.95488506432439,120.03038978781345,1801500,Equity
2024-01-30,120.8134765625,121.2397141155187,119.64380194463239,120.26829391919053,1285500,Equity
2024-01-31,120.93242645263672,123.09335044093504,120.30298096790754,121.70559977239463,1666100,Equity
2024-02-01,126.51316833496094,126.58255549601454,120.93243648841253,120.93243648841253,1937400,Equity
2024-02-02,128.57496643066406,131.90556502230515,125.3236620434847,125.89858851097064,3781700,Equity
2024-02-05,125.91841125488281,127.29624732881588,124.74873664938933,126.78080096353207,1878000,Equity
2024-02-06,129.8635711669922,130.34432770404507,126.07700653645638,126.64201836026885,2656900,Equity
2024-02-07,131.34054565429688,132.62917290086384,129.66533174628637,130.80527763278485,2087600,Equity
2024-02-08,129.57611083984375,132.7976710930332,129.0309206950204,131.39009888974826,1228700,Equity
2024-02-09,131.013427734375,131.35044889092558,128.86241841131033,128.88224763383243,1245300,Equity
2024-02-12,127.38545227050781,131.0332578509474,126.84026964955042,130.66650042074377,1206900,Equity
2024-02-13,126.79071807861328,127.68283651450248,125.62104345002487,126.79071807861328,1503700,Equity
2024-02-14,127.5440444946289,128.3023495974515,126.57262442424333,127.17728709693783,1372300,Equity
2024-02-15,130.3492889404297,130.46823402181155,127.70265500283068,128.78311315942167,1348900,Equity
2024-02-16,130.0122833251953,131.49915752115976,129.34814799936316,130.11139919643307,1295700,Equity
2024-02-20,130.6466827392578,130.90440215551007,128.25776789438936,129.85368014082542,2121200,Equity
2024-02-21,130.2501678466797,131.42083317067318,129.00119902153224,131.1323792262059,983400,Equity
2024-02-22,132.22276306152344,132.88689837563595,130.497983579545,131.2414206644082,1529900,Equity
2024-02-23,132.8175048828125,132.97609328245454,130.20060722291097,132.32188021142764,2052200,Equity
2024-02-26,132.0542449951172,134.01691455297555,131.76677420176128,133.50146063490885,1494700,Equity
2024-02-27,154.39700317382812,155.29904377001426,133.81867079837386,133.81867079837386,4888300,Equity
2024-02-28,169.33514404296875,169.48382540920713,155.13053771979224,157.09320738046975,8227500,Equity
2024-02-29,166.9759521484375,169.80696311180972,161.94040357008524,169.68205867396665,4536900,Equity
2024-03-01,168.50250244140625,168.81969440589774,163.60572765144906,165.5783044117906,4554500,Equity
2024-03-04,174.44998168945312,175.48583546380343,168.13571293119742,171.4464973149502,3818200,Equity
2024-03-05,175.22314453125,183.95604852071904,173.88495191442016,175.83771426254992,4323800,Equity
2024-03-06,178.40505981445312,179.22779861782314,173.47854916823815,175.22315776343828,2073600,Equity
2024-03-07,178.3583984375,180.8115973314266,175.011327907847,180.51363506785438,1967800,Equity
2024-03-08,169.40969848632812,178.60670153508974,167.3140512338415,178.35840216941594,3196900,Equity
2024-03-11,166.7677764892578,169.79703154335607,165.26803873928375,169.15144415035743,2601700,Equity
2024-03-12,167.2246551513672,167.909963838568,163.08302347110038,165.4369118082236,2617000,Equity
2024-03-13,166.71810913085938,170.14463698518313,165.30777070100686,170.0751210507129,1639000,Equity
2024-03-14,163.52001953125,167.24450978583843,162.1593439411704,166.70818985737313,3012300,Equity
2024-03-15,164.39404296875,167.24451474519088,161.56342422932974,163.0631468938528,4530900,Equity
2024-03-18,167.6914520263672,169.91621974635692,165.05948487402753,166.5492810330855,2006800,Equity
2024-03-19,171.23716735839844,172.82627410528588,167.11538905571274,167.85036058745408,1922200,Equity
2024-03-20,174.5147247314453,175.56751156819746,171.47652813592092,171.74369545245665,1969200,Equity
2024-03-21,172.94546508789062,176.60042418159384,171.1974279952592,176.25281419066508,2212100,Equity
2024-03-22,177.0275115966797,177.15661695442802,173.02988293334778,173.80954653643732,1608100,Equity
2024-03-25,185.98614501953125,187.7639769034785,178.31865965851765,178.7755371438587,3570600,Equity
2024-03-26,184.14874267578125,197.47745062417337,183.22506116751848,188.60818952306948,4228700,Equity
2024-03-27,183.6322784423828,188.8266969337147,181.09962187915534,186.80058077612705,2452100,Equity
2024-03-28,183.59255981445312,185.55908657689753,182.08786624194045,183.77132808604316,2050800,Equity
2024-04-01,184.71485900878906,187.52560963373102,182.15240774836505,184.76452191269075,1977500,Equity
2024-04-02,186.85025024414062,187.08860794458852,182.86751857592424,183.42867758738055,1875500,Equity
2024-04-03,188.96572875976562,191.89567316556048,185.5987902353505,187.19783862924615,2555800,Equity
2024-04-04,181.8643798828125,194.17009529014157,181.71540633205387,192.12411103311032,3747800,Equity
2024-04-05,191.7665557861328,193.52451942730562,180.1858704664128,181.07975721929253,4330700,Equity
2024-04-08,190.6740264892578,196.2955272300432,186.83035752421023,193.53941059549174,1663500,Equity
2024-04-09,186.82044982910156,193.51459106552844,183.79119452011474,191.2898384359701,1958600,Equity
2024-04-10,189.7801513671875,192.5114440784007,181.25851628960365,182.25171363913572,3861900,Equity
2024-04-11,191.5679168701172,192.95838715003728,188.70750354572226,190.2668307178371,2267300,Equity
2024-04-12,190.36614990234375,191.93540366292143,189.0551371731841,190.65418564431155,1801400,Equity
2024-04-15,184.1387939453125,194.66669256436057,183.5230164000628,192.76968187207154,2531500,Equity
2024-04-16,185.38027954101562,186.99422523672897,181.8643675859337,183.77130468165478,2982700,Equity
2024-04-17,184.1387939453125,187.7540319153082,181.387648028317,186.64165566453715,3282900,Equity
2024-04-18,182.60926818847656,186.98728690303287,181.84450197380608,184.86383045108252,1654200,Equity
2024-04-19,179.66940307617188,184.69499463576682,176.44151153554697,182.05308592224247,3413600,Equity
2024-04-22,181.9736328125,182.5993520377548,176.99771918568254,180.36465783897614,2327500,Equity
2024-04-23,186.96942138671875,188.45921757306712,182.71853748073735,182.71853748073735,2387300,Equity
2024-04-24,184.8936309814453,193.0477731204369,182.39772543892175,185.4597456168919,2266400,Equity
2024-04-25,186.73104858398438,189.23292534663878,184.1437734498293,184.3374542284945,2908900,Equity
2024-04-26,187.08859252929688,188.0917316193312,184.36724130680346,185.64348846943733,1826600,Equity
2024-04-29,187.32696533203125,189.12465023109564,184.87376650088012,187.14818191646674,2205500,Equity
2024-04-30,184.67514038085938,188.11159514741496,184.44670920568146,187.32697581267828,2173200,Equity
2024-05-01,183.3045196533203,186.92472861591327,182.66887388907134,184.98302577508466,2717000,Equity
2024-05-02,184.91346740722656,185.90666471457226,182.35103169066429,183.74150185895297,3071000,Equity
2024-05-03,193.53445434570312,195.9280638204878,186.7211192806459,188.042073698411,3480200,Equity
2024-05-06,196.35513305664062,197.55690864069905,192.79948436301018,196.40479596019503,2708000,Equity
2024-05-07,199.1956787109375,203.6849354410397,196.00752337420946,197.3483308425098,2797300,Equity
2024-05-08,206.58506774902344,206.853235301518,196.76234566273342,197.18941328801156,3992100,Equity
2024-05-09,214.4412384033203,214.48095962818567,201.6190572809179,204.0325195099354,4313500,Equity
2024-05-10,213.46791076660156,219.01989577273488,210.4188026169265,219.01989577273488,2744700,Equity
2024-05-13,212.13702392578125,217.18743925148738,211.1438265496729,215.52383061550807,1919300,Equity
2024-05-14,216.25880432128906,216.4276460583399,209.3362173272582,213.1103704257167,1951000,Equity
2024-05-15,221.79090881347656,223.19132078369083,218.26505501495424,218.64247487628592,2682200,Equity
2024-05-16,214.8683319091797,223.27078897361446,214.76902125753747,222.20806043160968,3539800,Equity
2024-05-17,211.6602783203125,216.23097728974253,208.48204997462597,214.88816956225733,3057300,Equity
2024-05-20,213.60696411132812,213.7758058444209,209.71361711240564,212.49457275949783,2326200,Equity
2024-05-21,221.0758056640625,221.15526327467393,214.03403973413688,214.46110734181,1881100,Equity
2024-05-22,218.61268615722656,222.8784672855255,216.37799194755954,220.58915449179514,1573700,Equity
2024-05-23,219.65554809570312,226.49867780836365,219.2384069921073,222.25772052265395,2658300,Equity
2024-05-24,229.0611114501953,234.69253864961422,220.1322617489005,221.79089951761915,2670600,Equity
2024-05-28,229.69677734375,233.1828949198307,220.3110645196941,231.15677880026874,2602200,Equity
2024-05-29,219.5735626220703,227.67054831224206,217.73333239233028,225.58163914216732,3809400,Equity
2024-05-30,223.771240234375,224.09948304346457,218.83744391143745,221.15513320696914,2040800,Equity
2024-05-31,216.1019744873047,223.29376437110662,206.9008547450374,222.87598562040404,5618300,Equity
2024-06-03,207.15948486328125,216.05224559163804,202.97174029343216,214.36123194832672,4922600,Equity
2024-06-04,202.06655883789062,207.398235917525,195.79984651554244,205.89622058436947,4666700,Equity
2024-06-05,208.22384643554688,211.72525006937917,203.36962879624465,203.40942592537596,4502200,Equity
2024-06-06,201.52940368652344,208.7012952697074,195.17317107172713,208.3929358361161,4842100,Equity
2024-06-07,196.95370483398438,202.9219989198627,196.476245556998,201.01214663376044,4558700,Equity
2024-06-10,213.49583435058594,213.6350939406786,197.08501373120126,198.4756212935663,5719600,Equity
2024-06-11,217.15640258789062,218.39979733055242,209.33793583890696,210.0441907311286,3701900,Equity
2024-06-12,216.9773406982422,220.59810524245725,211.02892987847977,220.10074739199825,3137900,Equity
2024-06-13,218.767822265625,219.19555792031383,212.98852632786762,219.14581909839782,2238200,Equity
2024-06-14,213.764404296875,217.7134269590639,209.8452370704898,217.64380475060867,2373800,Equity
2024-06-17,210.89962768554688,213.5853570491056,207.6071211357856,212.73984262994955,3321100,Equity
2024-06-18,219.2452850341797,220.03110373712204,208.00997333386658,211.66554128804052,2714700,Equity
2024-06-20,221.13525390625,226.56640852934615,218.13120811918373,222.63728438886199,3075100,Equity
2024-06-21,216.9773406982422,223.39325393353155,214.59997078017457,221.82160130470234,5513400,Equity
2024-06-24,214.95806884765625,219.6829684227968,214.21301865284192,216.84802260644966,2474100,Equity
2024-06-25,221.19493103027344,221.28446698097127,213.04820680963417,215.35595457839162,2305100,Equity
2024-06-26,209.1986541748047,221.02582311269936,206.3537666964623,219.4044468603907,4237000,Equity
2024-06-27,203.6978759765625,206.82128260832263,200.19647252894606,206.4930246121564,4733600,Equity
2024-06-28,199.2117156982422,206.20456579213342,198.38609985328452,204.16539558983138,10579100,Equity
2024-07-01,203.96646118164062,212.46132674205617,202.06655051591832,207.08986793163928,4168400,Equity
2024-07-02,205.0606231689453,210.68077564332467,202.0267526086682,202.3848508462891,1905300,Equity
2024-07-03,208.95993041992188,211.30744485635174,200.94250928038434,204.22507406373572,1612700,Equity
2024-07-05,210.17347717285156,211.63571049113804,206.9705065279201,208.89030057627224,1601600,Equity
2024-07-08,214.5900115966797,215.2863095441874,210.13368955447348,210.71062647616753,1634400,Equity
2024-07-09,214.8188018798828,221.19491776271676,213.92354867370503,215.89308144224572,1773200,Equity
2024-07-10,218.38983154296875,218.79766861632538,212.61053584518083,217.02706073421086,2584300,Equity
2024-07-11,215.6941375732422,219.37757253376273,214.05286282451576,218.39976535135523,2438200,Equity
2024-07-12,215.99256896972656,219.97143181539025,211.18511534339416,215.11721428667025,1760700,Equity
2024-07-15,211.7550811767578,218.48929547718032,210.51963991711187,215.85330496704825,2164300,Equity
2024-07-16,203.79734802246094,213.87380727504566,202.98167390077023,213.0084095131864,4049600,Equity
2024-07-17,185.68356323242188,201.98695166066176,184.78832524439017,201.06187341823937,6748700,Equity
2024-07-18,186.2903594970703,191.82097649164797,177.12903618270303,189.36402744016254,5484900,Equity
2024-07-19,188.2996826171875,188.93630004985096,185.41499801749617,187.0264477518606,2827000,Equity
2024-07-22,189.41375732421875,195.77994676160233,187.61332437800723,191.22414714121692,1868800,Equity
2024-07-23,188.86666870117188,191.1465645359599,187.30497291505273,188.66772859301213,1856600,Equity
2024-07-24,174.1548309326172,187.29501715845709,173.77683410015405,187.29501715845709,4910100,Equity
2024-07-25,169.52938842773438,175.90551966846147,164.99348729200537,175.7662600784402,5542000,Equity
2024-07-26,174.1150360107422,176.1343229217389,170.53406846269576,175.6071096169676,3469300,Equity
2024-07-29,171.76748657226562,176.21386662335084,170.22370116001923,175.1196885444466,2100100,Equity
2024-07-30,167.79859924316406,174.1050933406691,164.87413256286504,172.55333922740616,3517100,Equity
2024-07-31,188.79702758789062,195.46161920189138,182.03295834069274,192.2586336933382,7483700,Equity
2024-08-01,176.63165283203125,193.24339998295665,175.68666088847542,187.29699340257375,4482100,Equity
2024-08-02,166.1970977783203,174.40350214535866,160.5849136069005,173.54804605269868,6099200,Equity
2024-08-05,169.0718231201172,171.84707315242645,154.77776384353152,155.41438126323206,5430800,Equity
2024-08-06,180.0833282470703,182.85859362068973,167.5001803920901,172.72243795041237,6322100,Equity
2024-08-07,178.71063232421875,189.08551013915752,175.96520718572484,189.08551013915752,6154900,Equity
2024-08-08,186.0416717529297,186.63850723006473,175.487737818627,182.2816477101863,3338800,Equity
2024-08-09,188.86666870117188,189.09546424480504,182.1026139547967,186.09141852367378,3204000,Equity
2024-08-12,186.68719482421875,190.17518487118434,183.06964599516547,189.3480311209895,2232300,Equity
2024-08-13,188.76004028320312,190.19510133379393,186.42807367920722,188.69027319020827,2349000,Equity
2024-08-14,185.51121520996094,189.2383867741707,181.58474819881812,188.31158539314845,2327900,Equity
2024-08-15,189.73667907714844,191.91916655934475,184.85349943327168,185.76036522558334,4241900,Equity
2024-08-16,189.3280792236328,190.70334861861076,185.1923260344496,190.56382963697737,2572300,Equity
2024-08-19,192.11846923828125,192.21813216827175,184.92324363809846,188.95934899986298,2025100,Equity
2024-08-20,190.06553649902344,192.83599558077566,188.98825232762186,192.33771135446872,2507000,Equity
2024-08-21,196.06488037109375,196.65285210118466,190.32463642425276,190.82292064428117,2404200,Equity
2024-08-22,194.28103637695312,198.12579955776272,194.0418696563345,194.8989192202197,1520300,Equity
2024-08-23,194.32090759277344,196.65287435687824,191.8593820507419,194.34082801520114,2683300,Equity
2024-08-26,194.2212371826172,197.31060566013818,192.41745060440107,194.82914458471924,1953400,Equity
2024-08-27,195.46694946289062,197.6195411217824,192.90577626651768,194.22123880933228,1703200,Equity
2024-08-28,193.10508728027344,196.77245215191937,191.74975347848496,196.51334980982335,2493200,Equity
2024-08-29,193.7727813720703,198.42675443747234,191.6500856032146,195.23773828206532,2463800,Equity
2024-08-30,196.0250244140625,197.13121607710073,194.48034017015453,194.58996331537196,2239400,Equity
2024-09-03,177.16995239257812,195.12812159601805,176.57200519083983,194.8291479951489,4252300,Equity
2024-09-04,176.91085815429688,182.12290755737237,175.39606965853648,177.07029756982715,3310400,Equity
2024-09-05,175.4658203125,179.1331850352771,174.50910787683782,177.35929434991215,2444900,Equity
2024-09-06,172.51597595214844,176.03386158771627,171.34999261631475,175.20670789687452,3390300,Equity
2024-09-09,174.31976318359375,175.7448640703671,170.4530724712499,175.7448640703671,2184400,Equity
2024-09-10,179.6314697265625,180.5831944561265,173.26339770484608,176.2431429543748,2301800,Equity
2024-09-11,186.60745239257812,187.50435796369598,178.530268924654,180.90707933261632,2846900,Equity
2024-09-12,189.2782440185547,191.02223885773685,183.5579506781512,186.3583056726095,2154900,Equity
2024-09-13,195.30747985839844,197.13120193999515,188.53081138191467,190.793026012935,2613600,Equity
2024-09-16,198.56626892089844,198.84530687777365,192.02878214880226,194.33085289623685,2264000,Equity
2024-09-17,200.5394744873047,203.99756839002634,197.56970462265568,199.31369949322135,2881700,Equity
2024-09-18,199.642578125,204.249715596022,197.73912855755435,201.26698971680673,1796000,Equity
2024-09-19,207.7845458984375,207.92406488934475,201.77523866522728,204.40617906978486,3432600,Equity
2024-09-20,254.10504150390625,254.36415905584224,232.20046930142598,234.35306099256158,15031400,Equity
2024-09-23,256.2377014160156,270.9171671465946,251.2448984410723,258.6693311177448,10270000,Equity
2024-09-24,252.62014770507812,258.5497270783771,250.22638220384337,253.20811945462864,4562700,Equity
2024-09-25,261.9580078125,266.1735039425842,252.37103794513123,253.56691722482523,6246200,Equity
2024-09-26,255.8888702392578,269.1930651439588,253.6266708038982,262.9246410709662,4072200,Equity
2024-09-27,256.11810302734375,261.4995668138294,254.46379567731304,256.29747805722667,2598100,Equity
2024-09-30,259.1277160644531,260.22394743628803,250.4127298808623,256.86551664341835,2899300,Equity
2024-10-01,264.69854736328125,265.0872236803827,253.08854550988872,258.21090704342544,3179800,Equity
2024-10-02,264.4693603515625,268.79446410576924,260.7521488001718,264.00097192772967,3233600,Equity
2024-10-03,276.4181823730469,278.5508534253821,267.0803409888589,271.2160939178691,4274200,Equity
2024-10-04,284.54022216796875,285.0185859881857,274.65427985300477,276.9563506144962,3829200,Equity
2024-10-07,277.6040954589844,287.7621105082701,273.0597459161814,284.0219984894588,3477000,Equity
2024-10-08,278.4313049316406,280.434387059051,272.16288016564636,277.93302065100517,2599100,Equity
2024-10-09,261.3799743652344,275.10271110518596,256.6163783448996,275.10271110518596,5235800,Equity
2024-10-10,261.4098815917969,266.8411920983499,258.141138118435,260.1641709630331,2733500,Equity
2024-10-11,265.3064880371094,265.9841473710259,248.19540737856033,255.51023229756535,4477700,Equity
2024-10-14,270.8075256347656,271.8838366903875,264.2999342776959,266.6518518494509,2229300,Equity
2024-10-15,265.2366943359375,268.87416319804987,261.4397708678031,268.87416319804987,3000900,Equity
2024-10-16,278.8398742675781,279.2783668722666,263.21368635842606,267.2996235860092,2469300,Equity
2024-10-17,270.2693786621094,284.02201125234365,269.6116398286139,284.02201125234365,3209900,Equity
2024-10-18,269.23297119140625,271.6446501235278,264.090673669654,266.86113310522126,1708800,Equity
2024-10-21,272.7807312011719,273.1793525188411,267.090333578337,272.1429127626155,1650900,Equity
2024-10-22,265.08721923828125,270.4935911497087,264.93774004684605,269.4422186882816,2134100,Equity
2024-10-23,265.13702392578125,267.0065933935411,261.7088260251611,264.09063921854806,2633700,Equity
2024-10-24,263.5923767089844,266.8810406993786,261.6690067413469,266.87109569480225,1553700,Equity
2024-10-25,263.502685546875,268.81438236722505,262.1872078037648,268.07693139587127,2016200,Equity
2024-10-28,266.0638732910156,270.2594182268405,264.1006320984188,265.9741857741385,1542500,Equity
2024-10-29,264.0906677246094,266.31302655635506,260.8020036501634,265.3662742616327,1829700,Equity
2024-10-30,260.8817138671875,267.08037146623917,260.5329087920293,265.96421955601977,1831000,Equity
2024-10-31,262.0576477050781,263.2834379248942,258.4600499707404,260.84183290250803,2290900,Equity
2024-11-01,257.2143249511719,263.8614195311837,255.93871854214635,261.82844177523583,2804500,Equity
2024-11-04,225.17465209960938,234.68989238218538,223.90900583238718,231.7021788902771,10719400,Equity
2024-11-05,232.94789123535156,236.04721993662235,226.22105373443765,229.55956435449977,6347400,Equity
2024-11-06,234.1836395263672,241.16957930378652,232.95784931102924,238.0004987425994,4790100,Equity
2024-11-07,240.76097106933594,247.4977836041305,237.57893478285717,241.68778764627803,4154900,Equity
2024-11-08,238.54859924316406,247.14899034585315,236.0173219199666,242.41528992592248,5162100,Equity
2024-11-11,236.455810546875,243.07302473087756,233.48602548967216,241.1596150494534,3382100,Equity
2024-11-12,227.9152069091797,235.17022418168767,224.91554127745576,234.632083896682,4460000,Equity
2024-11-13,225.18463134765625,231.9712605924157,224.83582628017632,230.20733003950767,2979500,Equity
2024-11-14,224.6066131591797,230.74546355581978,224.34749561733872,227.416928418873,2513200,Equity
2024-11-15,223.8610076904297,227.32452639107865,221.24590714526354,224.42995014934286,2717400,Equity
2024-11-18,229.84979248046875,231.60649898692796,220.7667868979096,225.56781370772578,3295000,Equity
2024-11-19,234.1417694091797,234.45118784346695,225.67761565041954,225.88221927545476,2197500,Equity
2024-11-20,234.98019409179688,241.0288705576436,231.70632290084168,237.69511389360605,2567600,Equity
2024-11-21,251.3695068359375,251.71885905524206,233.67263442868426,236.8666531169506,3586400,Equity
2024-11-22,249.42315673828125,252.75691331968005,244.5722355451778,250.74069803456544,2471600,Equity
2024-11-25,248.46495056152344,255.13247914404877,242.54603608609014,253.026420361415,3459600,Equity
2024-11-26,266.2317199707031,266.63096661957115,248.73445458533405,249.0838068258061,3881600,Equity
2024-11-27,252.9166259765625,265.50306907066516,250.38137780781383,264.50493723205363,2298200,Equity
2024-11-29,256.0806884765625,260.3017916968151,254.7232286389359,257.4980490147623,1185700,Equity
2024-12-02,249.11373901367188,257.9571874611246,249.0438624764232,256.5198752176126,1908400,Equity
2024-12-03,247.04759216308594,253.70512932902298,246.11933691529748,251.00119069401248,1784600,Equity
2024-12-04,253.72509765625,257.17864034667724,250.5310789782806,252.20793307285862,2701200,Equity
2024-12-05,255.611572265625,259.2747294209767,252.6271678929565,253.24600474315585,2118200,Equity
2024-12-06,253.1561737060547,258.08694724265894,249.95216392168857,255.9709126970196,1329700,Equity
2024-12-09,239.40191650390625,253.5254752745278,235.88848833011087,253.3158608967954,3262400,Equity
2024-12-10,231.90594482421875,239.05257235446783,230.27900030424422,237.43560366985258,2771500,Equity
2024-12-11,236.15798950195312,239.00066082110453,231.68634808105213,234.3314064839557,2386700,Equity
2024-12-12,238.57347106933594,247.66645252781612,238.47365179556232,242.50611286360373,2822000,Equity
2024-12-13,238.62338256835938,242.9652468663026,236.05817646913152,241.5379256679553,2004800,Equity
2024-12-16,238.8529510498047,243.24472502963667,236.80478257586674,239.60154992570446,1974400,Equity
2024-12-17,233.80239868164062,237.6352211443849,228.43244471552697,237.21600761536126,2506500,Equity
2024-12-18,225.33822631835938,236.5472572306907,224.35008559850388,233.88224719214205,3173700,Equity
2024-12-19,224.7493438720703,233.35323543188082,224.5596963862267,228.43245278682966,3626800,Equity
2024-12-20,226.59588623046875,231.26713575898177,219.2296686490477,221.40560389980453,4985400,Equity
2024-12-23,227.85353088378906,228.9315150781235,221.28582167385025,226.5759233713074,1935200,Equity
2024-12-24,229.36070251464844,229.68011200521426,226.73163587002887,228.81672250441864,978400,Equity
2024-12-26,228.21286010742188,229.79988605563298,226.8943288180562,228.1429987993429,920500,Equity
2024-12-27,226.1167755126953,227.75371108619342,222.32388678576564,227.75371108619342,1466000,Equity
2024-12-30,225.89720153808594,228.5721875137371,221.83479770710946,223.1024293870579,1587100,Equity
2024-12-31,223.2920684814453,226.6058580902399,222.46361727167607,225.92713578649588,1885700,Equity
2025-01-02,242.14678955078125,243.2646923336187,224.71740582256115,225.9570899494254,4552500,Equity
2025-01-03,251.928466796875,253.70415026038447,243.89351778159127,250.0320224195386,4576600,Equity
2025-01-06,263.7862854003906,267.31968069577357,251.04013734855602,257.39824762100255,4116000,Equity
2025-01-07,255.15243530273438,264.9840395630048,249.09376800430888,263.0077276456327,3112400,Equity
2025-01-08,243.38446044921875,255.5117712559807,227.62396564049632,255.03265701438073,8414200,Equity
2025-01-10,304.6198425292969,309.42085398820416,279.60666238245045,281.96223877883796,14707200,Equity
2025-01-13,278.71832275390625,299.89868142712515,278.3390277844182,296.9392242033417,6920600,Equity
2025-01-14,288.330322265625,293.8499897877446,280.87427665446285,283.3646105705831,4852400,Equity
2025-01-15,300.2080993652344,304.5380079128017,292.47257768732254,296.5349815435489,4140700,Equity
2025-01-16,314.65106201171875,319.9112361447577,301.90492976484717,301.90492976484717,5269100,Equity
2025-01-17,315.7689514160156,319.5618704097044,310.45891356175406,319.5618704097044,2820000,Equity
2025-01-21,323.035400390625,329.7228653816689,317.735292344545,325.3909768906018,4032300,Equity
2025-01-22,331.848876953125,335.8194420400241,318.4040405431169,328.385358428481,4576600,Equity
2025-01-23,345.5732116699219,351.3424125669451,332.3779073431611,332.5076693578566,4853500,Equity
2025-01-24,346.7909240722656,349.3461391100539,341.31119009474907,347.10034250148925,3226600,Equity
2025-01-27,274.4862365722656,302.1045560329306,269.9347581408579,291.9136087362231,16083200,Equity
2025-01-28,278.2791442871094,283.8387459360432,258.60597428647674,281.0240068419737,9989300,Equity
2025-01-29,291.3446960449219,293.64038692443546,275.54425311787867,278.5087056838254,6638500,Equity
2025-01-30,307.97357177734375,310.10958856881854,298.23182558252427,300.43768845384125,6023100,Equity
2025-01-31,299.4195861816406,311.4171193657618,297.3883843279455,311.4171193657618,4726000,Equity
2025-02-03,305.7377624511719,308.0733873089722,283.4893951374726,284.86682195476766,3723500,Equity
2025-02-04,305.7576904296875,306.5162803191128,292.95167327650097,297.6698318989167,2996300,Equity
2025-02-05,313.2436828613281,317.77520966782004,302.284215420556,309.9498601742187,3578600,Equity
2025-02-06,311.2174987792969,315.98856780592115,305.2985842167934,314.73593792050974,2480100,Equity
2025-02-07,309.2112731933594,319.012904773967,308.7271634084106,313.89251398933845,2298000,Equity
2025-02-10,321.228759765625,321.3984555827124,311.99107508412214,312.0459650253161,2729800,Equity
2025-02-11,312.9941711425781,318.5637639060964,308.8619211359817,316.7172138972516,2642900,Equity
2025-02-12,313.2137451171875,316.8369684070797,303.22246656145154,304.8593868659167,1766400,Equity
2025-02-13,310.9080810546875,317.14442519731205,304.52004328942746,315.7689783037169,2707200,Equity
2025-02-14,316.70721435546875,317.595566296491,305.6479271906427,310.603648022515,2193000,Equity
2025-02-18,324.9917297363281,328.954314317366,315.22500613063437,323.2350079692485,3253000,Equity
2025-02-19,321.0640869140625,329.2717169946209,317.53568720360875,323.2050687455354,3079100,Equity
2025-02-20,308.8419494628906,321.39843388080277,303.6117182107768,316.89684979552635,3860000,Equity
2025-02-21,283.9085998535156,309.8799772465291,277.2510476209941,309.4208451665302,6478000,Equity
2025-02-24,267.2198486328125,289.46821514349335,262.15931305994695,289.46821514349335,7221400,Equity
2025-02-25,263.81622314453125,267.5492264639063,248.09564672704164,264.2853463258885,5094600,Equity
2025-02-26,269.6353454589844,279.4270162120403,267.5492231422803,272.24045489761124,4724900,Equity
2025-02-27,249.2734375,280.0757849981664,248.32520011990542,275.87365871174865,5131000,Equity
2025-02-28,250.07693481445312,251.0690811324815,241.15862944672415,245.95964106024286,6029600,Equity
2025-03-03,231.8560333251953,249.25547400148656,228.81174346421568,248.91411767154452,5315000,Equity
2025-03-04,231.21722412109375,239.1823268076025,220.8366595496309,227.07498326572215,5525500,Equity
2025-03-05,228.8916015625,233.1037039283792,223.0026145502389,230.2191035111289,3840200,Equity
2025-03-06,207.302001953125,222.3638075939265,204.32757336788345,219.77864981269212,7710800,Equity
2025-03-07,212.5399932861328,216.13999938964844,203.10000610351562,208.10000610351562,4986200,Equity
2025-03-10,202.2100067138672,208.24000549316406,195.55999755859375,203.61000061035156,7689500,Equity
2025-03-11,208.5800018310547,211.63999938964844,199.9250030517578,203.99000549316406,5051000,Equity
2025-03-12,215.35000610351562,224.3300018310547,210.0,219.4199981689453,7320400,Equity
2025-03-13,209.8699951171875,216.77000427246094,203.72000122070312,216.77000427246094,3654300,Equity
2025-03-14,216.4600067138672,217.5,209.02999877929688,213.8300018310547,3829900,Equity
2025-03-17,218.5399932861328,222.06500244140625,214.36000061035156,216.91000366210938,3547600,Equity
2025-03-18,210.85000610351562,218.13499450683594,209.25,217.9199981689453,2716500,Equity
2025-03-19,218.0500030517578,220.3699951171875,211.1199951171875,211.1199951171875,3091900,Equity
2025-03-20,219.44000244140625,222.42999267578125,214.0,217.05999755859375,2250500,Equity
2025-03-21,222.47999572753906,222.82000732421875,212.5500030517578,215.77499389648438,3733500,Equity
2025-03-24,228.6199951171875,231.14999389648438,226.60000610351562,228.24000549316406,2773600,Equity
2025-03-25,226.8699951171875,230.8719940185547,222.0,229.30999755859375,2849900,Equity
2025-03-26,216.97000122070312,226.10000610351562,214.0,224.0,4059000,Equity
2025-03-27,209.1999969482422,217.5500030517578,207.52000427246094,211.9600067138672,4178300,Equity
2025-03-28,205.38999938964844,215.4149932861328,203.88999938964844,209.89999389648438,5572000,Equity
2025-03-31,201.6300048828125,203.55999755859375,195.5500030517578,198.97999572753906,4518500,Equity
2025-04-01,206.94000244140625,207.75999450683594,198.08999633789062,200.9499969482422,2863100,Equity
2025-04-02,214.4600067138672,215.33999633789062,202.27000427246094,202.8300018310547,3179100,Equity
2025-04-03,190.24000549316406,204.0469970703125,189.77999877929688,200.47000122070312,5557500,Equity
2025-04-04,170.9600067138672,182.99000549316406,165.0800018310547,180.07000732421875,9358600,Equity
2025-04-07,179.7899932861328,189.7899932861328,161.35000610351562,161.52999877929688,7458400,Equity
2025-04-08,184.94000244140625,193.3000030517578,181.99000549316406,188.94000244140625,6895700,Equity
2025-04-09,215.4499969482422,217.89999389648438,182.61000061035156,186.1300048828125,7984300,Equity
2025-04-10,204.49000549316406,211.47500610351562,199.5500030517578,209.0,4048600,Equity
2025-04-11,208.25,208.52999877929688,198.0,204.49000549316406,2960700,Equity
2025-04-14,206.6999969482422,217.2100067138672,203.8699951171875,214.97000122070312,3427300,Equity
2025-04-15,208.4199981689453,212.0,206.35000610351562,206.60000610351562,1986000,Equity
2025-04-16,204.19000244140625,207.39999389648438,201.44000244140625,205.0500030517578,2433300,Equity
2025-04-17,206.67999267578125,208.82000732421875,203.60400390625,208.35000610351562,1962800,Equity
2025-04-21,192.61000061035156,204.8699951171875,188.00599670410156,203.49000549316406,3290900,Equity
2025-04-22,200.8800048828125,202.4199981689453,195.85000610351562,197.5500030517578,2457800,Equity
2025-04-23,209.8000030517578,217.33999633789062,208.27000427246094,213.25,2976100,Equity
2025-04-24,218.07000732421875,220.19000244140625,209.57000732421875,209.57000732421875,2336500,Equity
2025-04-25,222.99000549316406,223.94500732421875,216.5,218.11000061035156,2710400,Equity
